Protein Name,Ligand Name,Binding Site Center
8iw5B,ZN,"[[1.551444411277771, 1.318222165107727, 6.154110908508301], [0.9137499928474426, 20.029251098632812, -8.275375366210938]]"
8oerI,CA,"[[337.38677978515625, 317.50555419921875, 289.9045104980469]]"
5ldpA,ATP,"[[-20.878053665161133, -2.0258543491363525, 19.865251541137695]]"
8ppzB,0AN,"[[-13.488485336303711, 8.84935188293457, 33.78889465332031]]"
