{
    "confidence_score": 0.8915506601333618,
    "ptm": 0.873894453048706,
    "iptm": 0.0,
    "ligand_iptm": 0.0,
    "protein_iptm": 0.0,
    "complex_plddt": 0.8959647417068481,
    "complex_iplddt": 0.8959647417068481,
    "complex_pde": 0.5079202055931091,
    "complex_ipde": 0.0,
    "chains_ptm": {
        "0": 0.873894453048706
    },
    "pair_chains_iptm": {
        "0": {
            "0": 0.873894453048706
        }
    }
}