{
    "confidence_score": 0.8929876685142517,
    "ptm": 0.8769747018814087,
    "iptm": 0.0,
    "ligand_iptm": 0.0,
    "protein_iptm": 0.0,
    "complex_plddt": 0.8969908356666565,
    "complex_iplddt": 0.8969908356666565,
    "complex_pde": 0.5161381959915161,
    "complex_ipde": 0.0,
    "chains_ptm": {
        "0": 0.8769747018814087
    },
    "pair_chains_iptm": {
        "0": {
            "0": 0.8769747018814087
        }
    }
}