{
    "confidence_score": 0.885887086391449,
    "ptm": 0.8744385838508606,
    "iptm": 0.0,
    "ligand_iptm": 0.0,
    "protein_iptm": 0.0,
    "complex_plddt": 0.8887491822242737,
    "complex_iplddt": 0.8887491822242737,
    "complex_pde": 0.5193957686424255,
    "complex_ipde": 0.0,
    "chains_ptm": {
        "0": 0.8744385838508606
    },
    "pair_chains_iptm": {
        "0": {
            "0": 0.8744385838508606
        }
    }
}