{
    "confidence_score": 0.8942469954490662,
    "ptm": 0.8814640045166016,
    "iptm": 0.0,
    "ligand_iptm": 0.0,
    "protein_iptm": 0.0,
    "complex_plddt": 0.8974426984786987,
    "complex_iplddt": 0.8974426984786987,
    "complex_pde": 0.5010370016098022,
    "complex_ipde": 0.0,
    "chains_ptm": {
        "0": 0.8814640045166016
    },
    "pair_chains_iptm": {
        "0": {
            "0": 0.8814640045166016
        }
    }
}