datapoint_id,type,top1_rmsd,top5_mean_rmsd,top5_min_rmsd,rmsd_under_2A,rmsd_model_0,rmsd_model_1,rmsd_model_2,rmsd_model_3,rmsd_model_4
3F9N_ALLOSTERIC_38M,allosteric,20.477132536634258,20.312567346479966,20.101685838265542,False,20.477132536634258,20.101685838265542,20.32909949625764,20.34230491898293,20.312613942259457
3PYY_ALLOSTERIC_3YY,allosteric,23.568028284723066,23.608539073066133,23.47009865455864,False,23.568028284723066,23.47009865455864,23.48655956755651,23.954031256965013,23.56397760152744
5MO4_ALLOSTERIC_AY7,allosteric,27.686348017139064,26.54122605761389,25.581160310964073,False,27.686348017139064,27.823891050831197,25.581160310964073,25.70095174794866,25.913779161186454
3K5V_ALLOSTERIC_STJ,allosteric,25.42653551877806,25.265745052794877,25.008857217205126,False,25.42653551877806,25.203472896586575,25.26490193163312,25.424957699771486,25.008857217205126
3LW0_ALLOSTERIC_CCX,allosteric,2.2249773230845284,9.413522663105997,2.2249773230845284,False,2.2249773230845284,13.478778311488847,11.253845244713961,8.34435588673756,11.765656549505083
