{
    "confidence_score": 0.9189133644104004,
    "ptm": 0.9499953985214233,
    "iptm": 0.9586125612258911,
    "ligand_iptm": 0.9586125612258911,
    "protein_iptm": 0.0,
    "complex_plddt": 0.9089885354042053,
    "complex_iplddt": 0.8553357720375061,
    "complex_pde": 0.41720569133758545,
    "complex_ipde": 0.6435629725456238,
    "chains_ptm": {
        "0": 0.9514827132225037,
        "1": 0.9226473569869995
    },
    "pair_chains_iptm": {
        "0": {
            "0": 0.9514827132225037,
            "1": 0.8483337759971619
        },
        "1": {
            "0": 0.9586125612258911,
            "1": 0.9226473569869995
        }
    }
}