{
    "confidence_score": 0.9221222996711731,
    "ptm": 0.9585609436035156,
    "iptm": 0.956405520439148,
    "ligand_iptm": 0.956405520439148,
    "protein_iptm": 0.0,
    "complex_plddt": 0.9135514497756958,
    "complex_iplddt": 0.85782790184021,
    "complex_pde": 0.39308297634124756,
    "complex_ipde": 0.6184617877006531,
    "chains_ptm": {
        "0": 0.9610145092010498,
        "1": 0.9224628806114197
    },
    "pair_chains_iptm": {
        "0": {
            "0": 0.9610145092010498,
            "1": 0.8621863722801208
        },
        "1": {
            "0": 0.956405520439148,
            "1": 0.9224628806114197
        }
    }
}