{
    "confidence_score": 0.9187948107719421,
    "ptm": 0.9484241008758545,
    "iptm": 0.9613843560218811,
    "ligand_iptm": 0.9613843560218811,
    "protein_iptm": 0.0,
    "complex_plddt": 0.908147394657135,
    "complex_iplddt": 0.8564230799674988,
    "complex_pde": 0.4222017228603363,
    "complex_ipde": 0.6356251239776611,
    "chains_ptm": {
        "0": 0.9496186375617981,
        "1": 0.9257876873016357
    },
    "pair_chains_iptm": {
        "0": {
            "0": 0.9496186375617981,
            "1": 0.8484382033348083
        },
        "1": {
            "0": 0.9613843560218811,
            "1": 0.9257876873016357
        }
    }
}