{
    "confidence_score": 0.9182925224304199,
    "ptm": 0.960432767868042,
    "iptm": 0.9620503783226013,
    "ligand_iptm": 0.9620503783226013,
    "protein_iptm": 0.0,
    "complex_plddt": 0.9073531031608582,
    "complex_iplddt": 0.8549731969833374,
    "complex_pde": 0.3754134476184845,
    "complex_ipde": 0.5738348960876465,
    "chains_ptm": {
        "0": 0.9621382355690002,
        "1": 0.9281342029571533
    },
    "pair_chains_iptm": {
        "0": {
            "0": 0.9621382355690002,
            "1": 0.8643342852592468
        },
        "1": {
            "0": 0.9620503783226013,
            "1": 0.9281342029571533
        }
    }
}