datapoint_id,type,top1_rmsd,top5_mean_rmsd,top5_min_rmsd,rmsd_under_2A,rmsd_model_0,rmsd_model_1,rmsd_model_2,rmsd_model_3,rmsd_model_4
3F9N_ALLOSTERIC_38M,allosteric,20.520129820952796,20.479214497504856,19.989209247484332,False,20.520129820952796,20.129845817602636,21.056267618124544,19.989209247484332,20.700619983359967
3PYY_ALLOSTERIC_3YY,allosteric,23.64336084392124,23.59676684479268,23.50795584882403,False,23.64336084392124,23.50795584882403,23.606813900385934,23.67550614455375,23.550197486278453
5MO4_ALLOSTERIC_AY7,allosteric,27.261682889410153,26.77328089964389,25.547626429056603,False,27.261682889410153,27.976415997883166,25.547626429056603,25.87616535652235,27.204513825347178
3K5V_ALLOSTERIC_STJ,allosteric,25.406199680851355,25.297894115463397,25.12203849524393,False,25.406199680851355,25.297040635484496,25.222733565737823,25.441458199999374,25.12203849524393
3LW0_ALLOSTERIC_CCX,allosteric,11.304252501667102,10.16748389856161,2.2415833314491804,False,11.304252501667102,2.2415833314491804,13.041212306697007,12.873296432213513,11.377074920781244
