{
    "confidence_score": 0.9165237545967102,
    "ptm": 0.9495213031768799,
    "iptm": 0.9614639282226562,
    "ligand_iptm": 0.9614639282226562,
    "protein_iptm": 0.0,
    "complex_plddt": 0.9052886962890625,
    "complex_iplddt": 0.8514115214347839,
    "complex_pde": 0.41069090366363525,
    "complex_ipde": 0.6188721656799316,
    "chains_ptm": {
        "0": 0.9506103992462158,
        "1": 0.9277936220169067
    },
    "pair_chains_iptm": {
        "0": {
            "0": 0.9506103992462158,
            "1": 0.8498947024345398
        },
        "1": {
            "0": 0.9614639282226562,
            "1": 0.9277936220169067
        }
    }
}