{
    "confidence_score": 0.9188092350959778,
    "ptm": 0.9483808875083923,
    "iptm": 0.961370587348938,
    "ligand_iptm": 0.961370587348938,
    "protein_iptm": 0.0,
    "complex_plddt": 0.9081689119338989,
    "complex_iplddt": 0.8564597964286804,
    "complex_pde": 0.4222679138183594,
    "complex_ipde": 0.6357257962226868,
    "chains_ptm": {
        "0": 0.9495757222175598,
        "1": 0.9257277846336365
    },
    "pair_chains_iptm": {
        "0": {
            "0": 0.9495757222175598,
            "1": 0.8483642339706421
        },
        "1": {
            "0": 0.961370587348938,
            "1": 0.9257277846336365
        }
    }
}