{
    "confidence_score": 0.9200428128242493,
    "ptm": 0.954170823097229,
    "iptm": 0.9558371901512146,
    "ligand_iptm": 0.9558371901512146,
    "protein_iptm": 0.0,
    "complex_plddt": 0.9110941886901855,
    "complex_iplddt": 0.8569381237030029,
    "complex_pde": 0.4093174934387207,
    "complex_ipde": 0.6458029747009277,
    "chains_ptm": {
        "0": 0.9564645290374756,
        "1": 0.9208526015281677
    },
    "pair_chains_iptm": {
        "0": {
            "0": 0.9564645290374756,
            "1": 0.8555588722229004
        },
        "1": {
            "0": 0.9558371901512146,
            "1": 0.9208526015281677
        }
    }
}