{
    "confidence_score": 0.9261767268180847,
    "ptm": 0.959166407585144,
    "iptm": 0.9620361924171448,
    "ligand_iptm": 0.9620361924171448,
    "protein_iptm": 0.0,
    "complex_plddt": 0.9172118902206421,
    "complex_iplddt": 0.8622094988822937,
    "complex_pde": 0.3830522894859314,
    "complex_ipde": 0.580356240272522,
    "chains_ptm": {
        "0": 0.9609508514404297,
        "1": 0.9291247129440308
    },
    "pair_chains_iptm": {
        "0": {
            "0": 0.9609508514404297,
            "1": 0.8638961911201477
        },
        "1": {
            "0": 0.9620361924171448,
            "1": 0.9291247129440308
        }
    }
}