{
    "confidence_score": 0.9221108555793762,
    "ptm": 0.9586169123649597,
    "iptm": 0.9564226865768433,
    "ligand_iptm": 0.9564226865768433,
    "protein_iptm": 0.0,
    "complex_plddt": 0.9135329127311707,
    "complex_iplddt": 0.8578057885169983,
    "complex_pde": 0.3929154872894287,
    "complex_ipde": 0.6182538866996765,
    "chains_ptm": {
        "0": 0.9610706567764282,
        "1": 0.9222516417503357
    },
    "pair_chains_iptm": {
        "0": {
            "0": 0.9610706567764282,
            "1": 0.8620336651802063
        },
        "1": {
            "0": 0.9564226865768433,
            "1": 0.9222516417503357
        }
    }
}